2023-12-20-PROJ88-PAN82-SLD150-LN13-Set1,FOV1,Set1_LN13-101e-2
2023-12-20-PROJ88-PAN82-SLD150-LN13-Set1,FOV2,Set1_LN13-101e-1
2023-12-20-PROJ88-PAN82-SLD150-LN13-Set1,FOV3,Set1_LN13-101e-3
2023-12-20-PROJ88-PAN82-SLD150-LN13-Set1,FOV4,Set1_LN13-99e-1
2023-12-20-PROJ88-PAN82-SLD150-LN13-Set1,FOV5,Set1_LN13-99e-2
2023-12-20-PROJ88-PAN82-SLD150-LN13-Set1,FOV6,Set1_LN13-99e-3
2023-12-20-PROJ88-PAN82-SLD150-LN13-Set1,FOV7,Set1_LN13-99e-4
2023-12-20-PROJ88-PAN82-SLD150-LN13-Set1,FOV9,Set1_LN13-104e-1
2023-12-20-PROJ88-PAN82-SLD150-LN13-Set1,FOV10,Set1_LN13-104e-2
2023-12-20-PROJ88-PAN82-SLD150-LN13-Set1,FOV11,Set1_LN13-104e-3_200um
2023-12-20-PROJ88-PAN82-SLD150-LN13-Set1,FOV12,Set1_LN13-104e-4_200um
2023-12-20-PROJ88-PAN82-SLD150-LN13-Set1,FOV13,Set1_LN13-103g
2023-12-20-PROJ88-PAN82-SLD150-LN13-Set1,FOV14,Set1_LN13-104d_800um
2023-12-20-PROJ88-PAN82-SLD150-LN13-Set1,FOV15,Set1_LN13-99f-1
2023-12-20-PROJ88-PAN82-SLD150-LN13-Set1,FOV16,Set1_LN13-99f-2
2023-12-20-PROJ88-PAN82-SLD150-LN13-Set1,FOV17,Set1_LN13-103h-800um
2023-12-20-PROJ88-PAN82-SLD150-LN13-SET2-DSCOLAB,FOV1,Set2_LN13-102e_800um
2023-12-20-PROJ88-PAN82-SLD150-LN13-SET2-DSCOLAB,FOV2,Set2_LN13-102d_800um
2023-12-20-PROJ88-PAN82-SLD150-LN13-SET2-DSCOLAB,FOV3,Set2_LN13-100e_800um
2023-12-20-PROJ88-PAN82-SLD150-LN13-SET2-DSCOLAB,FOV4,Set2_LN13-99d_800um
2023-12-20-PROJ88-PAN82-SLD150-LN13-SET2-DSCOLAB,FOV5,Set2_LN13-100f-1
2023-12-20-PROJ88-PAN82-SLD150-LN13-SET2-DSCOLAB,FOV6,Set2_LN13-100f-2
2023-12-20-PROJ88-PAN82-SLD150-LN13-SET2-DSCOLAB,FOV7,Set2_LN13-101h_800um
2023-12-20-PROJ88-PAN82-SLD150-LN13-SET2-DSCOLAB,FOV9,Set2_LN13-101f_800um
2023-12-20-PROJ88-PAN82-SLD150-LN13-SET2-DSCOLAB,FOV10,Set2_LN13-103e_800um
2023-12-20-PROJ88-PAN82-SLD150-LN13-SET2-DSCOLAB,FOV11,Set2_LN13-100h-1
2023-12-20-PROJ88-PAN82-SLD150-LN13-SET2-DSCOLAB,FOV12,Set2_LN13-100h-2
2023-12-20-PROJ88-PAN82-SLD150-LN13-SET2-DSCOLAB,FOV13,Set2_LN13-100h-3
2023-12-20-PROJ88-PAN82-SLD150-LN13-SET2-DSCOLAB,FOV14,Set2_LN13-100h-4
2023-12-20-PROJ88-PAN82-SLD150-LN13-SET2-DSCOLAB,FOV15,Set2_LN13-103f_800um
2023-12-21-PROJ88-PAN82-SLD150-TM10-SET3-DSCOLAB,FOV1,Set3_T10-102a_800um
2023-12-21-PROJ88-PAN82-SLD150-TM10-SET3-DSCOLAB,FOV2,Set3_T10-99a-1
2023-12-21-PROJ88-PAN82-SLD150-TM10-SET3-DSCOLAB,FOV3,Set3_T10-99a-2
2023-12-21-PROJ88-PAN82-SLD150-TM10-SET3-DSCOLAB,FOV4,Set3_T10-Control
2023-12-21-PROJ88-PAN82-SLD150-TM10-SET3-DSCOLAB,FOV5,Set3_T10-104a_800um
2023-12-21-PROJ88-PAN82-SLD150-TM10-SET3-DSCOLAB,FOV7,Set3_T10-100a_800um
2023-12-21-PROJ88-PAN82-SLD150-TM10-SET3-DSCOLAB,FOV8,Set3_T10-101a_800um
2023-12-21-PROJ88-PAN82-SLD150-TM10-SET3-DSCOLAB,FOV9,Set3_T10-103a_800um
2023-12-21-PROJ88-PAN82-SLD150-TM10-SET3-DSCOLAB,FOV10,Set3_T10-103a-2
2023-12-21-PROJ88-PAN82-SLD150-TM10-SET3B-DSCOLAB,FOV1,Set3B_T10-104a-2
2023-12-21-PROJ88-PAN82-SLD150-TM10-SET3B-DSCOLAB,FOV2,Set3B_T10-104a-3
2023-12-21-PROJ88-PAN82-SLD150-TM10-SET3B-DSCOLAB,FOV3,Set3B_T10-104a-4
2023-12-21-PROJ88-PAN82-SLD146-TM3-SET4-DSCOLAB,FOV1,Set4_TM3-47a_800um
2023-12-21-PROJ88-PAN82-SLD146-TM3-SET4-DSCOLAB,FOV2,Set4_TM3-57a_800um
2023-12-21-PROJ88-PAN82-SLD146-TM3-SET4-DSCOLAB,FOV3,Set4_TM3-Control
2023-12-21-PROJ88-PAN82-SLD146-TM3-SET4-DSCOLAB,FOV4,Set4_TM3-62a_800um
2023-12-21-PROJ88-PAN82-SLD146-TM3-SET4-DSCOLAB,FOV5,Set4_TM3-50a_800um
2023-12-21-PROJ88-PAN82-SLD146-TM3-SET4-DSCOLAB,FOV6,Set4_TM3-46a_800um
2023-12-21-PROJ88-PAN82-SLD146-TM3-SET4-DSCOLAB,FOV8,Set4_TM3-54a_800um
2023-12-21-PROJ88-PAN82-SLD146-TM3-SET4-DSCOLAB,FOV9,Set4_TM3-53a_800um
2023-12-21-PROJ88-PAN82-SLD146-TM3-SET4-DSCOLAB,FOV10,Set4_TM3-55a_800um
2023-12-21-PROJ88-PAN82-SLD146-TM3-SET4-DSCOLAB,FOV11,Set4_TM3-48a_800um
2023-12-21-PROJ88-PAN82-SLD146-TM3-SET4-DSCOLAB,FOV12,Set4_TM3-56a_800um
2023-12-22-PROJ88-PAN82-SLD149-TM9-SET5-DSCOLAB,FOV1,Set5_TM9-91a_800um
2023-12-22-PROJ88-PAN82-SLD149-TM9-SET5-DSCOLAB,FOV2,Set5_TM9-82a_800um
2023-12-22-PROJ88-PAN82-SLD149-TM9-SET5-DSCOLAB,FOV3,Set5_TM9-77a_800um
2023-12-22-PROJ88-PAN82-SLD149-TM9-SET5-DSCOLAB,FOV4,Set5_TM9-83a-1
2023-12-22-PROJ88-PAN82-SLD149-TM9-SET5-DSCOLAB,FOV5,Set5_TM9-83a-2
2023-12-22-PROJ88-PAN82-SLD149-TM9-SET5-DSCOLAB,FOV7,Set5_TM9-94a-1
2023-12-22-PROJ88-PAN82-SLD149-TM9-SET5-DSCOLAB,FOV8,Set5_TM9-94a-2
2023-12-22-PROJ88-PAN82-SLD149-TM9-SET5-DSCOLAB,FOV9,Set5_TM9-92a_800um
2023-12-22-PROJ88-PAN82-SLD149-TM9-SET5-DSCOLAB,FOV10,Set5_TM9-98a_800um
2023-12-22-PROJ88-PAN82-SLD149-TM9-SET5-DSCOLAB,FOV11,Set5_TM9-86a_800um
2023-12-22-PROJ88-PAN82-SLD149-TM9-SET5-DSCOLAB,FOV12,Set5_TM9-81a_800um
2023-12-22-PROJ88-PAN82-SLD149-TM9-SET6-DSCOLAB,FOV1,Set6_TM9-80a_800um
2023-12-22-PROJ88-PAN82-SLD149-TM9-SET6-DSCOLAB,FOV2,Set6_TM9-93a_800um
2023-12-22-PROJ88-PAN82-SLD149-TM9-SET6-DSCOLAB,FOV3,Set6_TM9-95a_800um
2023-12-22-PROJ88-PAN82-SLD149-TM9-SET6-DSCOLAB,FOV4,Set6_TM9-88a_800um
2023-12-22-PROJ88-PAN82-SLD149-TM9-SET6-DSCOLAB,FOV6,Set6_TM9-84a-1
2023-12-22-PROJ88-PAN82-SLD149-TM9-SET6-DSCOLAB,FOV7,Set6_TM9-84a-2
2023-12-22-PROJ88-PAN82-SLD149-TM9-SET6-DSCOLAB,FOV8,Set6_TM9-84a-3_200um
2023-12-22-PROJ88-PAN82-SLD149-TM9-SET6-DSCOLAB,FOV9,Set6_TM9-84a-4_200um
2023-12-22-PROJ88-PAN82-SLD149-TM9-SET6-DSCOLAB,FOV10,Set6_TM9-84a-5
2023-12-22-PROJ88-PAN82-SLD149-TM9-SET6-DSCOLAB,FOV11,Set6_TM9-87a-1
2023-12-22-PROJ88-PAN82-SLD149-TM9-SET6-DSCOLAB,FOV12,Set6_TM9-87a-2
2023-12-22-PROJ88-PAN82-SLD149-TM9-SET6-DSCOLAB,FOV13,Set6_TM9-Control
2023-12-22-PROJ88-PAN82-SLD149-TM9-SET6-DSCOLAB,FOV14,Set6_TM9-78a_800um
2023-12-22-PROJ88-PAN82-SLD149-TM9-SET6-DSCOLAB,FOV15,Set6_TM9-89a-2
2023-12-22-PROJ88-PAN82-SLD149-TM9-SET6-DSCOLAB,FOV16,Set6_TM9-89a-1
2023-12-23-PROJ88-PAN82-SLD145-TM2-SET7-DSCOLAB,FOV2,Set7_TM2-37a_800um
2023-12-23-PROJ88-PAN82-SLD145-TM2-SET7-DSCOLAB,FOV3,Set7_TM2-42a_800um
2023-12-23-PROJ88-PAN82-SLD145-TM2-SET7-DSCOLAB,FOV4,Set7_TM2-35a_800um
2023-12-23-PROJ88-PAN82-SLD145-TM2-SET7-DSCOLAB,FOV5,Set7_TM2-29a_800um
2023-12-23-PROJ88-PAN82-SLD145-TM2-SET7-DSCOLAB,FOV7,Set7_TM2-38a_800um
2023-12-23-PROJ88-PAN82-SLD145-TM2-SET7-DSCOLAB,FOV8,Set7_TM2-34a_800um
2023-12-23-PROJ88-PAN82-SLD145-TM2-SET7-DSCOLAB,FOV9,Set7_TM2-31a_800um
2023-12-23-PROJ88-PAN82-SLD145-TM2-SET7-DSCOLAB,FOV10,Set7_TM2-28a_800um
2023-12-23-PROJ88-PAN82-SLD145-TM2-SET8-DSCOLAB,FOV1,Set8_TM2-Control
2023-12-23-PROJ88-PAN82-SLD145-TM2-SET8-DSCOLAB,FOV2,Set8_TM2-30a-1_800um
2023-12-23-PROJ88-PAN82-SLD145-TM2-SET8-DSCOLAB,FOV3,Set8_TM2-30a-2
2023-12-23-PROJ88-PAN82-SLD145-TM2-SET8-DSCOLAB,FOV4,Set8_TM2-25a_800um
2023-12-23-PROJ88-PAN82-SLD145-TM2-SET8-DSCOLAB,FOV5,Set8_TM2-39a_800um
2023-12-23-PROJ88-PAN82-SLD145-TM2-SET8-DSCOLAB,FOV6,Set8_TM2-33a_800um
2023-12-23-PROJ88-PAN82-SLD145-TM2-SET8-DSCOLAB,FOV8,Set8_TM2-43a_800um
2023-12-23-PROJ88-PAN82-SLD145-TM2-SET8-DSCOLAB,FOV9,Set8_TM2-45a_800um
2023-12-23-PROJ88-PAN82-SLD145-TM2-SET8-DSCOLAB,FOV10,Set8_TM2-40a_800um
2023-12-23-PROJ88-PAN82-SLD145-TM2-SET8-DSCOLAB,FOV11,Set8_TM2-41a_800um
2023-12-23-PROJ88-PAN82-SLD145-TM2-SET8-DSCOLAB,FOV12,Set8_TM2-44a_800um
2023-12-24-PROJ88-PAN82-SLD151-LN12-SET9-DSCOLAB,FOV2,Set9_LN12-87e_800um
2023-12-24-PROJ88-PAN82-SLD151-LN12-SET9-DSCOLAB,FOV3,Set9_LN12-80e
2023-12-24-PROJ88-PAN82-SLD151-LN12-SET9-DSCOLAB,FOV4,Set9_LN12-95d_800um
2023-12-24-PROJ88-PAN82-SLD151-LN12-SET9-DSCOLAB,FOV5,Set9_LN12-78e_800um
2023-12-24-PROJ88-PAN82-SLD151-LN12-SET9-DSCOLAB,FOV6,Set9_LN12-94f_800um
2023-12-24-PROJ88-PAN82-SLD151-LN12-SET9-DSCOLAB,FOV7,Set9_LN12-92f_800um
2023-12-24-PROJ88-PAN82-SLD151-LN12-SET9-DSCOLAB,FOV8,Set9_LN12-94d_800um
2023-12-24-PROJ88-PAN82-SLD151-LN12-SET9-DSCOLAB,FOV10,Set9_LN12-86d-1
2023-12-24-PROJ88-PAN82-SLD151-LN12-SET9-DSCOLAB,FOV11,Set9_LN12-86d-2
2023-12-24-PROJ88-PAN82-SLD151-LN12-SET9-DSCOLAB,FOV12,Set9_LN12-86d-3
2023-12-24-PROJ88-PAN82-SLD151-LN12-SET9-DSCOLAB,FOV13,Set9_LN12-86e-1
2023-12-24-PROJ88-PAN82-SLD151-LN12-SET9-DSCOLAB,FOV14,Set9_LN12-86e-2_200um
2023-12-24-PROJ88-PAN82-SLD151-LN12-SET9-DSCOLAB,FOV15,Set9_LN12-93e-1
2023-12-24-PROJ88-PAN82-SLD151-LN12-SET9-DSCOLAB,FOV16,Set9_LN12-93e-2
2023-12-24-PROJ88-PAN82-SLD151-LN12-SET9-DSCOLAB,FOV17,Set9_LN12-93e-3
2023-12-24-PROJ88-PAN82-SLD151-LN12-SET9-DSCOLAB,FOV18,Set9_LN12-77d_800um
2023-12-24-PROJ88-PAN82-SLD151-LN12-SET10-DSCOLAB,FOV1,Set10_LN12-98e_800um
2023-12-24-PROJ88-PAN82-SLD151-LN12-SET10-DSCOLAB,FOV2,Set10_LN12-83e_800um
2023-12-24-PROJ88-PAN82-SLD151-LN12-SET10-DSCOLAB,FOV3,Set10_LN12-88e_800um
2023-12-24-PROJ88-PAN82-SLD151-LN12-SET10-DSCOLAB,FOV4,Set10_LN12-95f-2_200um
2023-12-24-PROJ88-PAN82-SLD151-LN12-SET10-DSCOLAB,FOV5,Set10_LN12-95f-1_200um
2023-12-24-PROJ88-PAN82-SLD151-LN12-SET10-DSCOLAB,FOV6,Set10_LN12-88d-1
2023-12-24-PROJ88-PAN82-SLD151-LN12-SET10-DSCOLAB,FOV7,Set10_LN12-88d-2
2023-12-24-PROJ88-PAN82-SLD151-LN12-SET10-DSCOLAB,FOV8,Set10_LN12-80d
2023-12-24-PROJ88-PAN82-SLD151-LN12-SET10-DSCOLAB,FOV10,Set10_LN12-92e_800um
2023-12-24-PROJ88-PAN82-SLD151-LN12-SET10-DSCOLAB,FOV11,Set10_LN12-92d
2023-12-24-PROJ88-PAN82-SLD151-LN12-SET10-DSCOLAB,FOV12,Set10_LN12-83d
2023-12-24-PROJ88-PAN82-SLD151-LN12-SET10-DSCOLAB,FOV13,Set10_LN12-84e-1
2023-12-24-PROJ88-PAN82-SLD151-LN12-SET10-DSCOLAB,FOV14,Set10_LN12-84e-2
2023-12-24-PROJ88-PAN82-SLD151-LN12-SET10-DSCOLAB,FOV15,Set10_LN12-93f_800um
2023-12-25-PROJ88-PAN82-SLD151-LN12-SET11-DSCOLAB,FOV1,Set11_LN12-87d_800um
2023-12-25-PROJ88-PAN82-SLD151-LN12-SET11-DSCOLAB,FOV2,Set11_LN12-77e_800um
2023-12-25-PROJ88-PAN82-SLD151-LN12-SET11-DSCOLAB,FOV3,Set11_LN12-93d-1
2023-12-25-PROJ88-PAN82-SLD151-LN12-SET11-DSCOLAB,FOV4,Set11_LN12-93d-2
2023-12-25-PROJ88-PAN82-SLD151-LN12-SET11-DSCOLAB,FOV5,Set11_LN12-93d-3
2023-12-25-PROJ88-PAN82-SLD151-LN12-SET11-DSCOLAB,FOV6,Set11_LN12-84d
2023-12-25-PROJ88-PAN82-SLD151-LN12-SET11-DSCOLAB,FOV7,Set11_LN12-87f-1
2023-12-25-PROJ88-PAN82-SLD151-LN12-SET11-DSCOLAB,FOV8,Set11_LN12-87f-2
2023-12-25-PROJ88-PAN82-SLD151-LN12-SET11-DSCOLAB,FOV9,Set11_LN12-87f-3
2023-12-25-PROJ88-PAN82-SLD151-LN12-SET11-DSCOLAB,FOV11,Set11_LN12-94e_800um
2023-12-25-PROJ88-PAN82-SLD151-LN12-SET11-DSCOLAB,FOV12,Set11_LN12-98d_800um
2023-12-25-PROJ88-PAN82-SLD151-LN12-SET11-DSCOLAB,FOV13,Set11_LN12-87g_800um
2023-12-25-PROJ88-PAN82-SLD151-LN12-SET11-DSCOLAB,FOV14,Set11_LN12-87h_800um
2023-12-25-PROJ88-PAN82-SLD151-LN12-SET11-DSCOLAB,FOV15,Set11_LN12-95e-2
2023-12-25-PROJ88-PAN82-SLD151-LN12-SET11-DSCOLAB,FOV16,Set11_LN12-95e-1
2023-12-25-PROJ88-PAN82-SLD151-LN12-SET11-DSCOLAB,FOV17,Set11_LN12-95e-3
2023-12-25-PROJ88-PAN82-SLD151-LN12-SET11-DSCOLAB,FOV18,Set11_LN12-78d_800um
2023-12-25-PROJ88-PAN82-SLD151-LN12-SET12-DSCOLAB,FOV1,Set12_LN12-92h
2023-12-25-PROJ88-PAN82-SLD151-LN12-SET12-DSCOLAB,FOV2,Set12_LN-Control
2023-12-25-PROJ88-PAN82-SLD151-LN12-SET12-DSCOLAB,FOV3,Set12_LN12-98h_800um
2023-12-25-PROJ88-PAN82-SLD151-LN12-SET12-DSCOLAB,FOV5,Set12_LN12-95h_800um
2023-12-25-PROJ88-PAN82-SLD151-LN12-SET12-DSCOLAB,FOV6,Set12_LN12-95g
2023-12-25-PROJ88-PAN82-SLD151-LN12-SET12-DSCOLAB,FOV7,Set12_LN12-98g_800um
2023-12-25-PROJ88-PAN82-SLD151-LN12-SET12-DSCOLAB,FOV8,Set12_LN12-93h_800um
2023-12-25-PROJ88-PAN82-SLD151-LN12-SET12-DSCOLAB,FOV9,Set12_LN12-93g
2023-12-26-PROJ88-PAN82-SLD148-LN7-SET13-DSCOLAB,FOV2,Set13_LN7-55g_200um
2023-12-26-PROJ88-PAN82-SLD148-LN7-SET13-DSCOLAB,FOV3,Set13_LN7-47f_800um
2023-12-26-PROJ88-PAN82-SLD148-LN7-SET13-DSCOLAB,FOV4,Set13_LN7-56e_800um
2023-12-26-PROJ88-PAN82-SLD148-LN7-SET13-DSCOLAB,FOV5,Set13_LN7-55e_800um
2023-12-26-PROJ88-PAN82-SLD148-LN7-SET13-DSCOLAB,FOV6,Set13_LN7-46h_800um
2023-12-26-PROJ88-PAN82-SLD148-LN7-SET13-DSCOLAB,FOV7,Set13_LN7-46g
2023-12-26-PROJ88-PAN82-SLD148-LN7-SET13-DSCOLAB,FOV9,Set13_LN7-56h_800um
2023-12-26-PROJ88-PAN82-SLD148-LN7-SET13-DSCOLAB,FOV10,Set13_LN7-47e-1
2023-12-26-PROJ88-PAN82-SLD148-LN7-SET13-DSCOLAB,FOV11,Set13_LN7-47e-2
2023-12-26-PROJ88-PAN82-SLD148-LN7-SET13-DSCOLAB,FOV12,Set13_LN7-57e_800um
2023-12-26-PROJ88-PAN82-SLD148-LN7-SET13-DSCOLAB,FOV13,Set13_LN7-57d_800um
2023-12-26-PROJ88-PAN82-SLD148-LN7-SET13-DSCOLAB,FOV14,Set13_LN7-53e_800um
2023-12-26-PROJ88-PAN82-SLD148-LN7-SET13-DSCOLAB,FOV15,Set13_LN7-53d_800um
2023-12-26-PROJ88-PAN82-SLD148-LN7-SET14-DSCOLAB,FOV1,Set14_LN7-46f_800um
2023-12-26-PROJ88-PAN82-SLD148-LN7-SET14-DSCOLAB,FOV2,Set14_LN7-46e-1
2023-12-26-PROJ88-PAN82-SLD148-LN7-SET14-DSCOLAB,FOV3,Set14_LN7-46e-2
2023-12-26-PROJ88-PAN82-SLD148-LN7-SET14-DSCOLAB,FOV4,Set14_LN7-46d
2023-12-26-PROJ88-PAN82-SLD148-LN7-SET14-DSCOLAB,FOV5,Set14_LN7-47h_800um
2023-12-26-PROJ88-PAN82-SLD148-LN7-SET14-DSCOLAB,FOV6,Set14_LN7-62e_800um
2023-12-26-PROJ88-PAN82-SLD148-LN7-SET14-DSCOLAB,FOV8,Set14_LN7-62d
2023-12-26-PROJ88-PAN82-SLD148-LN7-SET14-DSCOLAB,FOV9,Set14_LN7-48f_800um
2023-12-26-PROJ88-PAN82-SLD148-LN7-SET14-DSCOLAB,FOV10,Set14_LN7-48e_800um
2023-12-26-PROJ88-PAN82-SLD148-LN7-SET14-DSCOLAB,FOV11,Set14_LN7-56f_800um
2023-12-26-PROJ88-PAN82-SLD148-LN7-SET14-DSCOLAB,FOV12,Set14_LN7-55h_800um
2023-12-27-PROJ88-PAN82-SLD148-LN7-SET15-DSCOLAB,FOV1,Set15_LN7-55f_800um
2023-12-27-PROJ88-PAN82-SLD148-LN7-SET15-DSCOLAB,FOV2,Set15_LN7-Control
2023-12-27-PROJ88-PAN82-SLD148-LN7-SET15-DSCOLAB,FOV3,Set15_LN7-54e_800um
2023-12-27-PROJ88-PAN82-SLD148-LN7-SET15-DSCOLAB,FOV4,Set15_LN7-48h_800um
2023-12-27-PROJ88-PAN82-SLD148-LN7-SET15-DSCOLAB,FOV5,Set15_LN7-47g
2023-12-27-PROJ88-PAN82-SLD148-LN7-SET15-DSCOLAB,FOV7,Set15_LN7-55d-2
2023-12-27-PROJ88-PAN82-SLD148-LN7-SET15-DSCOLAB,FOV8,Set15_LN7-55d-1
2023-12-27-PROJ88-PAN82-SLD148-LN7-SET15-DSCOLAB,FOV9,Set15_LN7-62h_800um
2023-12-27-PROJ88-PAN82-SLD148-LN7-SET15-DSCOLAB,FOV10,Set15_LN7-62f_800um
2023-12-28-PROJ88-PAN82-SLD147-LN6-SET16-DSCOLAB,FOV2,Set16_LN6-40e_800um
2023-12-28-PROJ88-PAN82-SLD147-LN6-SET16-DSCOLAB,FOV3,Set16_LN6-28d_800um
2023-12-28-PROJ88-PAN82-SLD147-LN6-SET16-DSCOLAB,FOV4,Set16_LN6-30d_800um
2023-12-28-PROJ88-PAN82-SLD147-LN6-SET16-DSCOLAB,FOV5,Set16_LN6-37e_800um
2023-12-28-PROJ88-PAN82-SLD147-LN6-SET16-DSCOLAB,FOV6,Set16_LN6-42e_800um
2023-12-28-PROJ88-PAN82-SLD147-LN6-SET16-DSCOLAB,FOV7,Set16_LN6-40f_800um
2023-12-28-PROJ88-PAN82-SLD147-LN6-SET16-DSCOLAB,FOV9,Set16_LN6-43e_800um
2023-12-28-PROJ88-PAN82-SLD147-LN6-SET16-DSCOLAB,FOV10,Set16_LN6-41h_800um
2023-12-28-PROJ88-PAN82-SLD147-LN6-SET16-DSCOLAB,FOV11,Set16_LN6-34e
2023-12-28-PROJ88-PAN82-SLD147-LN6-SET16-DSCOLAB,FOV12,Set16_LN6-30e_800um
2023-12-28-PROJ88-PAN82-SLD147-LN6-SET16-DSCOLAB,FOV13,Set16_LN6-35e_800um
2023-12-28-PROJ88-PAN82-SLD147-LN6-SET17-DSCOLAB,FOV1,Set17_LN6-28e-1_200um
2023-12-28-PROJ88-PAN82-SLD147-LN6-SET17-DSCOLAB,FOV2,Set17_LN6-28e-2_200um
2023-12-28-PROJ88-PAN82-SLD147-LN6-SET17-DSCOLAB,FOV3,Set17_LN6-28e-3_200um
2023-12-28-PROJ88-PAN82-SLD147-LN6-SET17-DSCOLAB,FOV4,Set17_LN6-28e-4_200um
2023-12-28-PROJ88-PAN82-SLD147-LN6-SET17-DSCOLAB,FOV5,Set17_LN6-28e-5_200um
2023-12-28-PROJ88-PAN82-SLD147-LN6-SET17-DSCOLAB,FOV6,Set17_LN6-28e-6_200um
2023-12-28-PROJ88-PAN82-SLD147-LN6-SET17-DSCOLAB,FOV7,Set17_LN6-Control
2023-12-28-PROJ88-PAN82-SLD147-LN6-SET17-DSCOLAB,FOV8,Set17_LN6-38e-1
2023-12-28-PROJ88-PAN82-SLD147-LN6-SET17-DSCOLAB,FOV9,Set17_LN6-38e-2_200um
2023-12-28-PROJ88-PAN82-SLD147-LN6-SET17-DSCOLAB,FOV10,Set17_LN6-38e-3
2023-12-28-PROJ88-PAN82-SLD147-LN6-SET17-DSCOLAB,FOV11,Set17_LN6-33g-2_200um
2023-12-28-PROJ88-PAN82-SLD147-LN6-SET17-DSCOLAB,FOV12,Set17_LN6-33g-1_200um
2023-12-28-PROJ88-PAN82-SLD147-LN6-SET17-DSCOLAB,FOV13,Set17_LN6-33g-3_200um
2023-12-28-PROJ88-PAN82-SLD147-LN6-SET17-DSCOLAB,FOV15,Set17_LN6-45h_800um
2023-12-28-PROJ88-PAN82-SLD147-LN6-SET17-DSCOLAB,FOV16,Set17_LN6-37g_800
2023-12-28-PROJ88-PAN82-SLD147-LN6-SET17-DSCOLAB,FOV17,Set17_LN6-42f_800um
2023-12-28-PROJ88-PAN82-SLD147-LN6-SET17-DSCOLAB,FOV18,Set17_LN6-39h_800um
2023-12-28-PROJ88-PAN82-SLD147-LN6-SET17-DSCOLAB,FOV19,Set17_LN6-39g_800um
2023-12-28-PROJ88-PAN82-SLD147-LN6-SET17-DSCOLAB,FOV20,Set17_LN6-45f_800um
2023-12-29-PROJ88-PAN82-SLD147-LN6-SET18-DSCOLAB,FOV1,Set18_LN6-31d_800um
2023-12-29-PROJ88-PAN82-SLD147-LN6-SET18-DSCOLAB,FOV2,Set18_LN6-31e_800um
2023-12-29-PROJ88-PAN82-SLD147-LN6-SET18-DSCOLAB,FOV3,Set18_LN6-33f_800um
2023-12-29-PROJ88-PAN82-SLD147-LN6-SET18-DSCOLAB,FOV4,Set18_LN6-45g_800um
2023-12-29-PROJ88-PAN82-SLD147-LN6-SET18-DSCOLAB,FOV5,Set18_LN6-33e_800um
2023-12-29-PROJ88-PAN82-SLD147-LN6-SET18-DSCOLAB,FOV6,Set18_LN6-33d
2023-12-29-PROJ88-PAN82-SLD147-LN6-SET18-DSCOLAB,FOV9,Set18_LN6-37h_800um
2023-12-29-PROJ88-PAN82-SLD147-LN6-SET18-DSCOLAB,FOV10,Set18_LN6-41f-1
2023-12-29-PROJ88-PAN82-SLD147-LN6-SET18-DSCOLAB,FOV11,Set18_LN6-41f-2
2023-12-29-PROJ88-PAN82-SLD147-LN6-SET18-DSCOLAB,FOV12,Set18_LN6-41f-3_800um
2023-12-29-PROJ88-PAN82-SLD147-LN6-SET18-DSCOLAB,FOV13,Set18_LN6-41e_800um